File name,verified student ID,activity,order,use?
2013-07-12_09-46-43_fej9o576k2jo89iqb87f15572g_sdl10pap7gilaln2s7k6dgqi76f.txt',717128,1 light bulbs,1,remove student - already comleted the lab
2013-07-12_10-29-43_fej9o576k2jo89iqb87f15572g_sjaj31e9ousknmuqb7a9tqal4dp.txt',717128,2 resistor,2,remove student - already comleted the lab
2013-07-12_10-52-56_fej9o576k2jo89iqb87f15572g_s47mgotmhm91uvmuljl6vm2flgr.txt',717128,3 puzzle,3,remove student - already comleted the lab
2002-05-09_22-49-09_89pvauhne8vu9b49ufu7tv032u_snp2r7ekhgiap0pvmjkv796nea6.txt',1075123,1 light bulbs,1,
2002-05-09_23-34-58_89pvauhne8vu9b49ufu7tv032u_sn8fm1or4l135cc5148h94g2cla.txt',1075123,2-3 resistor-puzzle,2,
2013-03-20_16-22-49_89pvauhne8vu9b49ufu7tv032u_suf1fo5qeobcfkmg72n0n5s2l7f.txt',3591123,1 light bulbs,1,
2013-03-20_16-57-07_89pvauhne8vu9b49ufu7tv032u_si9le84jg8hlidnufc8pnpma0l6.txt',3591123,2-3 resistor-puzzle,2,
2013-03-21_14-52-33_89pvauhne8vu9b49ufu7tv032u_s3t7ltuk41ihdqojf386dp746ar.txt',3932129,1 light bulbs,1,
2013-03-21_15-11-53_89pvauhne8vu9b49ufu7tv032u_s51hadpgjpa1nj9rvbfps61n2mc.txt',3932129,1 light bulbs,2,ignore - too short
2013-03-21_15-15-26_89pvauhne8vu9b49ufu7tv032u_skh8iab35bjah9gham33hav7qhi.txt',3932129,1 light bulbs,3,drop first two minutes
2013-03-21_15-39-29_89pvauhne8vu9b49ufu7tv032u_svq1rj69d9iq39deo3l6lbl5obi.txt',3932129,2-3 resistor-puzzle,4,
2013-03-20_16-21-27_89pvauhne8vu9b49ufu7tv032u_s571486d2bu5eglg8805u400db0.txt',4762120,1 light bulbs,1,
2013-03-20_16-39-21_89pvauhne8vu9b49ufu7tv032u_se2d2i6r0tsq991oj2baalajafd.txt',4762120,1 light bulbs,2,
2013-03-20_16-56-32_89pvauhne8vu9b49ufu7tv032u_smgvj3ttlqe7p0dcru6t9b9u17u.txt',4762120,2-3 resistor-puzzle,3,
2013-07-11_13-14-42_4leaenp6iht6jkbgjjcsqbjto6_sg5q8mvmjv0jaijh3o4c9d8p6ut.txt',4936123,1 light bulbs,1,
2013-07-11_13-59-07_4leaenp6iht6jkbgjjcsqbjto6_s5gt2l4k8i8136urar7om0o20r2.txt',4936123,2 resistor,2,
2013-07-11_14-28-36_4leaenp6iht6jkbgjjcsqbjto6_solk7equahj51gppor9o6mhls16.txt',4936123,3 puzzle,3,
2013-03-21_10-23-37_89pvauhne8vu9b49ufu7tv032u_s5b232a3ooo8o12aa5mguqmct1.txt',8580120,1 light bulbs,1,
2013-03-21_11-07-09_89pvauhne8vu9b49ufu7tv032u_s1png39bd0qmm58qevlvg1ohf69.txt',8580120,2-3 resistor-puzzle,2,
2013-03-18_11-21-15_89pvauhne8vu9b49ufu7tv032u_simb9it8k6flm42rn5gbqdfogji.txt',8775127,1 light bulbs,1,
2013-03-18_11-32-08_89pvauhne8vu9b49ufu7tv032u_stcvepm9fr6k01u20kthdsbtusl.txt',8775127,1-2-3 all,2,
2013-07-11_13-14-32_tj5800gesloa7509m6j9btt938_sh9iuao95ghjcne78akldmlatul.txt',8889108,1 light bulbs,1,
2013-07-11_13-57-34_tj5800gesloa7509m6j9btt938_s7l8git9smk7oedehrnct0qce7s.txt',8889108,2-3 resistor-puzzle,2,
2013-07-10_10-14-30_tj5800gesloa7509m6j9btt938_supnmrdu17iapiq69r91rfdejcl.txt',9331415,1 light bulbs,1,
2013-07-10_10-58-58_tj5800gesloa7509m6j9btt938_ssm52s4jttg4li5ko67k5q91ghv.txt',9331415,2 resistor,2,
2013-07-10_11-25-03_tj5800gesloa7509m6j9btt938_s3vg905j8dmhu735tbd2p0jpraj.txt',9331415,3 puzzle,3,
2013-03-22_11-53-33_89pvauhne8vu9b49ufu7tv032u_srgqqrc3hn9cqh0f3940ecoicp4.txt',10009106,1 light bulbs,1,
2013-03-22_12-38-46_89pvauhne8vu9b49ufu7tv032u_sijjrdgbla9fros6dg71cdieo51.txt',10009106,2-3 resistor-puzzle,2,
2013-03-20_16-22-19_chsdrtnrkd3o503plhf2vo4eag_sdg0o0di8sksme19rc3b2h93pme.txt',10942128,1 light bulbs,1,
2013-03-20_16-56-10_chsdrtnrkd3o503plhf2vo4eag_su6l9d4kpo288bfqpheifc589st.txt',10942128,2 resistor,2,
2013-03-20_17-11-22_chsdrtnrkd3o503plhf2vo4eag_s93s1a0q53b6s7bqd5mmi61uo8k.txt',10942128,2 resistor,3,
2013-03-20_17-46-05_chsdrtnrkd3o503plhf2vo4eag_s9ghkpn1eg83spt0gqasbrac85t.txt',10942128,3 puzzle,4,
2013-03-20_16-21-08_89pvauhne8vu9b49ufu7tv032u_sp1mprmb6h4liifochcnkffrh9b.txt',12235124,1 light bulbs,1,
2013-03-20_16-37-10_89pvauhne8vu9b49ufu7tv032u_s3tgsinlt8430d1gd0rkm8rtun.txt',12235124,1 light bulbs,2,
2013-03-20_16-59-47_89pvauhne8vu9b49ufu7tv032u_stm6ojp3c8nhl3lvl9bfl9f2c5c.txt',12235124,2 resistor,3,
2013-03-20_17-11-19_89pvauhne8vu9b49ufu7tv032u_sdrli092i9hnjavm5ger1eab99s.txt',12235124,2-3 resistor-puzzle,4,
2013-03-21_10-23-12_89pvauhne8vu9b49ufu7tv032u_spn1sdrfr87doenm6trhpnv02c.txt',12949120,1 light bulbs,1,
2013-03-21_11-06-53_89pvauhne8vu9b49ufu7tv032u_sa8jpg6tt0n515lmrqdasm4vs25.txt',12949120,2-3 resistor-puzzle,2,
2013-07-11_13-14-44_depr3grfv1b2kcu778t4udole2_s70tk0ru0qtra60bkm7abkgn1d1.txt',13205111,1 light bulbs,1,
2013-07-11_13-59-04_depr3grfv1b2kcu778t4udole2_s1sjkrb3jdie1i4t8i61bf0k6vq.txt',13205111,2-3 resistor-puzzle,2,
2013-07-12_09-47-11_oafhlm7aonr6aefotnbig9i3ib_s9k6egpcl03hpi191fgpkuvr1a2.txt',13378139,1 light bulbs,1,
2013-07-12_09-57-21_oafhlm7aonr6aefotnbig9i3ib_smmbdtdl6a3l8kmuj51qdgk1ism.txt',13378139,1 light bulbs,2,
2013-07-12_10-29-04_oafhlm7aonr6aefotnbig9i3ib_sqtnn08r19uf1aj2td7044jdk9i.txt',13378139,2-3 resistor-puzzle,3,
2013-07-11_13-12-02_l8ubuto8jnb3nr6757tj374bk5_sfbvqpfj0k53k5f9s8ku6uolu20.txt',13679110,1 light bulbs,1,
2013-07-11_13-57-22_l8ubuto8jnb3nr6757tj374bk5_s464r64nkb7a146ou9ugp3bnkb9.txt',13679110,2 resistor,2,ignore - too short
2013-07-11_13-59-27_l8ubuto8jnb3nr6757tj374bk5_s5k79evn902hdfilihc2jfrdd2f.txt',13679110,2-3 resistor-puzzle,3,
2013-07-11_13-14-33_d7ansveklbidu8f8p12rrh014q_sft4q9scc4kvvnaahmjoink2044.txt',14769115,1 light bulbs,1,ignore - too short
2013-07-11_13-17-23_d7ansveklbidu8f8p12rrh014q_s3h78daccf1rehrj94el3euri5j.txt',14769115,1 light bulbs,2,
2013-07-11_13-59-41_d7ansveklbidu8f8p12rrh014q_srosqsurp259tk8kqg834k54ofe.txt',14769115,2 resistor,3,ignore - too short
2013-07-11_14-01-19_d7ansveklbidu8f8p12rrh014q_s3b8uukv1h8364vcto1prqaus7e.txt',14769115,2-3 resistor-puzzle,4,
2013-03-21_14-52-46_89pvauhne8vu9b49ufu7tv032u_s1cmispdj7is3klbb8qeb5ari0d.txt',15616121,1 light bulbs,1,
2013-03-21_15-41-23_89pvauhne8vu9b49ufu7tv032u_s7p44oiv3t3q60voh11eh6jcbsl.txt',15616121,2-3 resistor-puzzle,2,
2013-07-11_13-14-33_m12vb22umkn1i4l544fphsvdbi_sradi3g19earorjas09qjeuikuf.txt',16204127,1 light bulbs,1,
2013-07-11_13-37-44_m12vb22umkn1i4l544fphsvdbi_sh0iuld2dfs72i3d5036u3juu43.txt',16204127,1 light bulbs,2,
2013-07-11_13-54-36_m12vb22umkn1i4l544fphsvdbi_sl1muqs6odr0s7eqp362br6ougo.txt',16204127,2 resistor,3,ignore activity? 8 short files
2013-07-11_14-03-43_m12vb22umkn1i4l544fphsvdbi_so79f5hljbnf2qs1pcsap64e4f5.txt',16204127,2 resistor,4,ignore activity? 8 short files
2013-07-11_14-10-44_m12vb22umkn1i4l544fphsvdbi_suleh7h8pri2nfu09hq47ccmfqn.txt',16204127,2 resistor,5,ignore - too short
2013-07-11_14-11-30_m12vb22umkn1i4l544fphsvdbi_sl6aoasehq12vm63d3nfcdlv52j.txt',16204127,2 resistor,6,ignore activity? 8 short files
2013-07-11_14-19-35_m12vb22umkn1i4l544fphsvdbi_s16lkg7nu80sp4l58mkf11a8e36.txt',16204127,2 resistor,7,ignore - too short
2013-07-11_14-20-24_m12vb22umkn1i4l544fphsvdbi_snkkuqrq3k903850lbof852k6gd.txt',16204127,2 resistor,8,ignore - too short
2013-07-11_14-23-24_m12vb22umkn1i4l544fphsvdbi_shfr6sl5piv96ba1f68o4efhrpg.txt',16204127,2 resistor,9,ignore activity? 8 short files
2013-07-11_14-29-06_m12vb22umkn1i4l544fphsvdbi_sumurjbmvfht59ffhhs7bj63489.txt',16204127,2 resistor,10,ignore activity? 8 short files
2013-07-12_09-46-31_cdherh4ms6st7m0anpv52f6dr1_s3p68kj4j75e9nprqq531pnamhb.txt',17070059,1 light bulbs,1,
2013-07-12_10-28-31_cdherh4ms6st7m0anpv52f6dr1_sgt8hivacl5os38uk9q5ougj49i.txt',17070059,2-3 resistor-puzzle,2,
2013-07-12_09-44-33_547441gmjo35sai50ura8ts4uj_s541v9ug737043jhee38r9uqk19.txt',17580122,1 light bulbs,1,
2013-07-12_09-52-51_547441gmjo35sai50ura8ts4uj_smj96v6bqj0sdjei56f6ibge0kk.txt',17580122,1 light bulbs,2,
2013-07-12_10-24-20_547441gmjo35sai50ura8ts4uj_sh0hc081ntkqsdqefprlpubofo4.txt',17580122,2 resistor,3,off task? Resistor activity only 5 min
2013-07-11_13-14-34_cdherh4ms6st7m0anpv52f6dr1_snufh2919m1v8d3bjnetcd8ss50.txt',18088102,1 light bulbs,1,
2013-07-11_13-58-57_cdherh4ms6st7m0anpv52f6dr1_so07eeeuj1op4hvkmrmp1gu5etj.txt',18088102,2 resistor,2,
2013-07-11_14-24-14_cdherh4ms6st7m0anpv52f6dr1_ss53hqaijmgfv0ijiii5gn239t7.txt',18088102,3 puzzle,3,
2013-07-12_09-47-10_depr3grfv1b2kcu778t4udole2_semgveh1ereblek0tcc3p3rjeg0.txt',18838125,1 light bulbs,1,
2013-07-12_10-27-16_depr3grfv1b2kcu778t4udole2_so3tbc9i269fhhg947r7ufo2eun.txt',18838125,2-3 resistor-puzzle,2,
2013-07-10_10-14-25_d7ansveklbidu8f8p12rrh014q_sh3omsa9ejln9fpekamj5ncr7st.txt',18893119,1 light bulbs,1,
2013-07-10_11-01-35_d7ansveklbidu8f8p12rrh014q_so6ldlaf9t933ocb5ln9suaconk.txt',18893119,2-3 resistor-puzzle,2,
2013-07-10_10-14-26_m12vb22umkn1i4l544fphsvdbi_s7l98tthsm7blfbf5qqom8m585r.txt',19930112,1 light bulbs,1,
2013-07-10_11-02-19_m12vb22umkn1i4l544fphsvdbi_sel031gisvligtfc45ff9co8kfm.txt',19930112,2-3 resistor-puzzle,2,
2013-07-10_10-14-20_547441gmjo35sai50ura8ts4uj_s6ddp7qkht22ghvr9r2qokc6800.txt',20717120,1 light bulbs,1,
2013-07-10_11-00-03_547441gmjo35sai50ura8ts4uj_svpfd8j9j5mncjqkn27bdeumhh1.txt',20717120,2 resistor,2,
2013-07-10_11-07-35_547441gmjo35sai50ura8ts4uj_soi2dlabh9jlil070fvphnsufcj.txt',20717120,2-3 resistor-puzzle,3,
2013-07-11_13-14-37_ou6cq6qhp02iasm2be7507r0gn_s7o6fvdv3q02jpm9s5d971bi7mj.txt',23112113,1 light bulbs,1,
2013-07-11_14-01-02_ou6cq6qhp02iasm2be7507r0gn_s7ks7hsc08hf308a2q39bt8jq1g.txt',23112113,1 light bulbs,2,ignore - too short
2013-07-11_14-03-06_ou6cq6qhp02iasm2be7507r0gn_sa4q5s3vjsidptiml7bfpa5nnmn.txt',23112113,2 resistor,3,
2013-07-11_14-27-39_ou6cq6qhp02iasm2be7507r0gn_sdsk7scuilbkjut97t00gabgq9h.txt',23112113,3 puzzle,4,ignore - too short
2013-07-12_09-46-41_q9g3p5fjj17mdjlq4otd6jl62a_smgubgu7b5tp04c93v9n2gmp6j7.txt',23143099,1 light bulbs,1,
2013-07-12_10-27-11_q9g3p5fjj17mdjlq4otd6jl62a_sggncctm99gm01g42dubhl5p8ao.txt',23143099,2-3 resistor-puzzle,2,
2013-03-22_11-53-46_89pvauhne8vu9b49ufu7tv032u_siso370p3i7k7i50jnbsjdpkvq4.txt',24387118,1 light bulbs,1,
2013-03-22_12-41-31_89pvauhne8vu9b49ufu7tv032u_scn7h24qltcucn4g8b29uharubs.txt',24387118,2-3 resistor-puzzle,2,
2013-07-10_10-14-49_ou6cq6qhp02iasm2be7507r0gn_sq06ob1ijpm2bnoqlc98mhc68e9.txt',24582121,1 light bulbs,1,
2013-07-10_11-01-55_ou6cq6qhp02iasm2be7507r0gn_seskuhb5l0aqrg3snj6fqkkh69l.txt',24582121,2-3 resistor-puzzle,2,
2013-07-09_14-18-23_tj5800gesloa7509m6j9btt938_sns6ekqp0uph6qastkqfllg0u6k.txt',26225080,1 light bulbs,1,
2013-07-09_15-00-15_tj5800gesloa7509m6j9btt938_slob874m15e0g0tsabo6t467r4j.txt',26225080,2 resistor,2,
2013-07-09_15-17-50_tj5800gesloa7509m6j9btt938_sptj7p1vfs11muf6b4q1mhknbmf.txt',26225080,2-3 resistor-puzzle,3,
2013-07-09_14-20-00_depr3grfv1b2kcu778t4udole2_srj7crus020ffbivfn0f6g8tsb.txt',28098102,1 light bulbs,1,
2013-07-09_15-01-07_depr3grfv1b2kcu778t4udole2_srpp64uv9flrv8k5kng7qlmfcpc.txt',28098102,2 resistor,2,ignore - too short
2013-07-09_15-05-01_depr3grfv1b2kcu778t4udole2_sq8dt1ader1971mriq56p8dkm2c.txt',28098102,2-3 resistor-puzzle,3,
2013-03-18_11-10-54_od61k45b3o1oflrel3dkm8ign1_su3a2fbcjse1banfpo7q951e9mm.txt',28582129,1 light bulbs,1,"ignore - seem to have started before everyone else, and then quit and restarted later."
2013-03-18_11-21-29_od61k45b3o1oflrel3dkm8ign1_smm6chkvci8ieutu27vg461jk2j.txt',28582129,1 light bulbs,2,drop first two minutes?
2013-03-18_12-06-00_od61k45b3o1oflrel3dkm8ign1_s5n4q6ktu7vnepgbk3qilo7vbo3.txt',28582129,2-3 resistor-puzzle,3,
2013-03-18_11-21-24_89pvauhne8vu9b49ufu7tv032u_ss0bojr7apurh85dkq922gakmv7.txt',28622129,1 light bulbs,1,
2013-07-12_09-46-43_ou6cq6qhp02iasm2be7507r0gn_skbso5lm1df9a7f4hh9u1tpb0eq.txt',31091114,1 light bulbs,1,
2013-07-12_10-26-56_ou6cq6qhp02iasm2be7507r0gn_sk6hk8knvrp82po676qqgf9hv58.txt',31091114,2 resistor,2,
2013-07-12_10-49-42_ou6cq6qhp02iasm2be7507r0gn_sh6mmqcintchkm11talvrm8nga4.txt',31091114,2-3 resistor-puzzle,3,ignore - too short
2013-07-12_10-58-02_ou6cq6qhp02iasm2be7507r0gn_sh4f1h65o2urcie90dnnoks4rbv.txt',31091114,3 puzzle,4,ignore - too short
2013-03-20_16-21-13_89pvauhne8vu9b49ufu7tv032u_se676smh4d00q0tp7e4o6s9e2jk.txt',35155125,1 light bulbs,1,
2013-03-20_16-58-55_89pvauhne8vu9b49ufu7tv032u_sv31uql070gitrcmvs6d4ac3sg6.txt',35155125,2-3 resistor-puzzle,2,
2013-07-09_14-18-24_547441gmjo35sai50ura8ts4uj_sl1l1ahohleuegto914l4ii03ut.txt',37842114,1 light bulbs,1,
2013-07-09_15-00-24_547441gmjo35sai50ura8ts4uj_scmerg217vp93uk8geu4brngn54.txt',37842114,2 resistor,2,
2013-07-09_15-20-40_547441gmjo35sai50ura8ts4uj_spi4qbl53l8k3p604lki75rtuga.txt',37842114,2-3 resistor-puzzle,3,ignore - too short
2013-07-09_15-22-57_547441gmjo35sai50ura8ts4uj_sk3eq063ep8t3a8i7t4b2lug0hj.txt',37842114,2-3 resistor-puzzle,4,ignore - too short
2013-03-22_11-53-33_89pvauhne8vu9b49ufu7tv032u_su6msvjugsathooomv011dijk4n.txt',37987123,1 light bulbs,1,
2013-03-22_12-38-51_89pvauhne8vu9b49ufu7tv032u_seqj9dre5obo3a72mdfsvv1ksrd.txt',37987123,2-3 resistor-puzzle,2,
2013-03-21_14-52-56_89pvauhne8vu9b49ufu7tv032u_s7qvn1e6jecumih7di39to6r59o.txt',38648120,1 light bulbs,1,
2013-03-21_15-39-52_89pvauhne8vu9b49ufu7tv032u_sl3d936kpsjqb7j3neil8msb0hn.txt',38648120,2-3 resistor-puzzle,2,
2013-03-21_14-52-52_89pvauhne8vu9b49ufu7tv032u_seiddjioeast4lf9m6uv4lboav0.txt',38732121,1 light bulbs,1,
2013-03-21_15-39-25_89pvauhne8vu9b49ufu7tv032u_sknl6hun2j89h5lba9sd81onq91.txt',38732121,2-3 resistor-puzzle,2,
2013-03-21_10-23-53_89pvauhne8vu9b49ufu7tv032u_s8qm24isl8vmicrfvepnhencae2.txt',39619124,1 light bulbs,1,
2013-03-21_11-10-10_89pvauhne8vu9b49ufu7tv032u_suikhrltdlj5l1nl9t668528qtf.txt',39619124,2-3 resistor-puzzle,2,
2013-03-21_14-53-14_89pvauhne8vu9b49ufu7tv032u_ss57mc3f06cqb9suovtcun5qa7p.txt',41045127,1 light bulbs,1,
2013-03-21_15-39-27_89pvauhne8vu9b49ufu7tv032u_slp8tg783gg4n3tgm5trcmqbc83.txt',41045127,2-3 resistor-puzzle,2,
2013-03-18_11-22-41_89pvauhne8vu9b49ufu7tv032u_s27ju6r2p9qe6rltuif1fcfgqqf.txt',41295172,1-2-3 all,1,
2013-07-11_13-14-59_mqen1n0cuec20krsm433r9bd8a_sh0o3vl6ks1e1rhro5fqjvsvk05.txt',42175126,1 light bulbs,1,
2013-07-11_14-01-51_mqen1n0cuec20krsm433r9bd8a_s49dkmifsh7v91hhjnn6aglrqs3.txt',42175126,2-3 resistor-puzzle,2,
2013-07-12_09-46-24_4leaenp6iht6jkbgjjcsqbjto6_sgl15gg30f9qhiir3eb1oivda7i.txt',42822113,1 light bulbs,1,
2013-07-12_10-28-01_4leaenp6iht6jkbgjjcsqbjto6_san130pj0o9gdskm8g3g1iltf3j.txt',42822113,2 resistor,2,
2013-07-12_11-01-00_4leaenp6iht6jkbgjjcsqbjto6_sordkngos4itjsngpfsokihfa15.txt',42822113,3 puzzle,3,ignore - too short
2013-07-10_10-14-24_q9g3p5fjj17mdjlq4otd6jl62a_shmoqr46dshq7ilcups5ft1pjae.txt',43999105,1 light bulbs,1,
2013-07-10_11-00-51_q9g3p5fjj17mdjlq4otd6jl62a_seklhvod6elahbbe7jhu630au9o.txt',43999105,2-3 resistor-puzzle,2,
2013-07-10_10-14-31_oafhlm7aonr6aefotnbig9i3ib_sgcvd4vviev009rf61qj1duh2dn.txt',44827119,1 light bulbs,1,
2013-07-10_11-00-27_oafhlm7aonr6aefotnbig9i3ib_s476m88e4kdnidjcq2sfqmhmv0s.txt',44827119,2 resistor,2,ignore - too short
2013-07-10_11-02-51_oafhlm7aonr6aefotnbig9i3ib_s468q55f0eaeg5gfs5in54u6pr5.txt',44827119,2-3 resistor-puzzle,3,
2013-07-10_10-14-47_cdherh4ms6st7m0anpv52f6dr1_sf5ou3namfrdkscpk2j6ja1v39r.txt',46231117,1 light bulbs,1,ignore - empty file
2013-07-10_10-15-48_cdherh4ms6st7m0anpv52f6dr1_sni41qkd7f9uglc6hah1880v4si.txt',46231117,1 light bulbs,2,
2013-07-10_11-02-40_cdherh4ms6st7m0anpv52f6dr1_s5r6lm13vcdkdapqa16b06fml9h.txt',46231117,2 resistor,3,
2013-07-10_11-24-26_cdherh4ms6st7m0anpv52f6dr1_sh5t9sesqd26rv8n59tagn98vuj.txt',46231117,3 puzzle,4,
2013-07-11_13-16-13_o95op56oo2j3tc4b77bqb0pdh3_sp2thvkdos79t64vpro0hr23t9s.txt',48107113,1 light bulbs,1,
2013-07-11_13-20-41_o95op56oo2j3tc4b77bqb0pdh3_smnqakloj7u27stu339b616b5d8.txt',48107113,1 light bulbs,2,drop first two minutes
2013-07-11_14-00-05_o95op56oo2j3tc4b77bqb0pdh3_smcupbmk4lqhbrabpf21ratc3t5.txt',48107113,2 resistor,3,
2013-07-11_14-25-34_o95op56oo2j3tc4b77bqb0pdh3_sag3uce2s5atokmjh9lm4v4u0br.txt',48107113,3 puzzle,4,
2013-03-22_11-53-24_89pvauhne8vu9b49ufu7tv032u_sakvtmia4ffpeebkog80l7d1hr2.txt',51086123,1 light bulbs,1,
2013-03-22_12-40-12_89pvauhne8vu9b49ufu7tv032u_sgb1l24i0rjh9om7v4416ub20hv.txt',51086123,2-3 resistor-puzzle,2,
2013-03-15_10-20-47_89pvauhne8vu9b49ufu7tv032u_sth21h6tiq2suee395p0ti014s.txt',51352592,1-2-3 all,1,
2013-07-10_10-14-24_fvu9sk2k96h08428rli8b7s0hj_sk98pal0g8mqkabpg9qv6qq40b3.txt',51876107,1 light bulbs,1,
2013-07-10_11-00-22_fvu9sk2k96h08428rli8b7s0hj_svcjmn60106t0agl7p798l9vcad.txt',51876107,2-3 resistor-puzzle,2,
2013-07-12_09-46-24_d7ansveklbidu8f8p12rrh014q_svhpqed429t2lt3d71pidj9rjro.txt',52041105,1 light bulbs,1,
2013-07-12_10-27-44_d7ansveklbidu8f8p12rrh014q_sfp2121ski2frhf5jfsooc97bgo.txt',52041105,2-3 resistor-puzzle,2,
2013-03-18_11-20-57_89pvauhne8vu9b49ufu7tv032u_sdnfb920hl0u7vr8kt5p128q6n4.txt',55188124,1-2-3 all,1,
2013-07-09_14-18-25_q9g3p5fjj17mdjlq4otd6jl62a_s2mte58m5305d63mbsjqnhrb7fa.txt',57521121,1 light bulbs,1,
2013-07-09_15-00-08_q9g3p5fjj17mdjlq4otd6jl62a_s7u2m8rrc8i66kq4ldsj3di1399.txt',57521121,2-3 resistor-puzzle,2,
2013-03-22_11-52-18_89pvauhne8vu9b49ufu7tv032u_spqdr8di7oc0afohtfs243v91q8.txt',59553121,1 light bulbs,1,ignore - empty file
2013-03-22_11-53-32_89pvauhne8vu9b49ufu7tv032u_s2kkl56dt1kpu1u4o4qr99ekfr6.txt',59553121,1 light bulbs,2,
2013-03-22_12-38-50_89pvauhne8vu9b49ufu7tv032u_sre7pajvaabgekash57b5mvk9m.txt',59553121,2-3 resistor-puzzle,3,
2013-03-20_16-22-09_od61k45b3o1oflrel3dkm8ign1_slgjodr1rkppqc0dornp6ctceo3.txt',60076128,1 light bulbs,1,
2013-03-20_17-05-58_od61k45b3o1oflrel3dkm8ign1_sv0p72af1argf4n4m1jej522pkc.txt',60076128,2 resistor,2,
2013-03-20_17-16-08_od61k45b3o1oflrel3dkm8ign1_s1qr67p6ivfd8tbus0onon2tdi1.txt',60076128,2-3 resistor-puzzle,3,
2013-03-21_10-24-14_89pvauhne8vu9b49ufu7tv032u_s1ef0me9ij0beh28g00mss1sjo7.txt',61117124,1 light bulbs,1,
2013-03-21_11-08-42_89pvauhne8vu9b49ufu7tv032u_s9dgsdnhqkv60f2nrn5tmvhiv0q.txt',61117124,2-3 resistor-puzzle,2,
2002-05-08_03-18-38_89pvauhne8vu9b49ufu7tv032u_s9mnp65voj0uahq3el7cgg7va0.txt',61296129,1 light bulbs,1,
2002-05-08_03-50-36_89pvauhne8vu9b49ufu7tv032u_s8o8sgcc46qo0egfkubiv8k7soa.txt',61296129,2 resistor,2,
2002-05-08_04-21-43_89pvauhne8vu9b49ufu7tv032u_sq82droqolgplr5ng830igdl5hg.txt',61296129,3 puzzle,3,
2013-03-22_11-37-41_89pvauhne8vu9b49ufu7tv032u_sgofh5ntbm8cvf9vg54u0698smh.txt',62238125,1 light bulbs,1,ignore - too short
2013-03-22_11-53-55_89pvauhne8vu9b49ufu7tv032u_s200b303r5fve0qj3l6b7iv3adv.txt',62238125,1 light bulbs,2,
2013-03-22_12-38-58_89pvauhne8vu9b49ufu7tv032u_s5vd40fbqajkivcjlorhf52cf6q.txt',62238125,2-3 resistor-puzzle,3,
2013-07-11_13-14-45_fej9o576k2jo89iqb87f15572g_sa01apbp7v19hkv6f2e4q3jnr6n.txt',62898116,1 light bulbs,1,
2013-07-11_13-59-27_fej9o576k2jo89iqb87f15572g_sad2p9k8lbakpc0kcf7ob1qfmf.txt',62898116,2 resistor,2,
2013-07-11_14-24-35_fej9o576k2jo89iqb87f15572g_ses75i9pop3a42h12cgtkctstv1.txt',62898116,3 puzzle,3,ignore - too short
2013-07-11_14-29-00_fej9o576k2jo89iqb87f15572g_sfsv0ebr281gd3k07hv9nvev9lq.txt',62898116,3 puzzle,4,ignore - too short
2013-03-18_11-22-16_89pvauhne8vu9b49ufu7tv032u_sr89iqrur6m8be56hdc1i6cn80.txt',62935112,1-2-3 all,1,
2013-03-18_11-21-03_89pvauhne8vu9b49ufu7tv032u_sjogq5eqq441pfl2ec6g2elq5i7.txt',64153126,1-2-3 all,1,
2013-07-10_10-14-18_mqen1n0cuec20krsm433r9bd8a_srhhjg0s1cbd17oh2veolhnaa2n.txt',64687090,1 light bulbs,1,
2013-07-10_11-01-50_mqen1n0cuec20krsm433r9bd8a_s97clq7gj3cnjb3qirsgs5457kb.txt',64687090,2 resistor,2,ignore - too short
2013-07-10_11-02-58_mqen1n0cuec20krsm433r9bd8a_simja1ui4gralgvsmcfh3ah9s6a.txt',64687090,2 resistor,3,
2013-07-10_11-09-52_mqen1n0cuec20krsm433r9bd8a_sot6g9h9b781lljvejr8i0mghle.txt',64687090,2 resistor,4,
2013-07-10_11-45-27_mqen1n0cuec20krsm433r9bd8a_satd8mil2ss6k7rsl6lo73g3sob.txt',64687090,3 puzzle,5,ignore - too short
2013-03-20_16-22-52_89pvauhne8vu9b49ufu7tv032u_sinc2auumppjnruj8tet0s06qfr.txt',64944126,1 light bulbs,1,
2013-03-20_16-54-50_89pvauhne8vu9b49ufu7tv032u_s6a5fgm8svph3aonks5q886hgdc.txt',64944126,2 resistor,2,
2013-03-20_17-14-44_89pvauhne8vu9b49ufu7tv032u_sphl2delngub1a911hn9pm6lkfa.txt',64944126,2-3 resistor-puzzle,3,
2013-03-21_14-52-37_89pvauhne8vu9b49ufu7tv032u_s98mnb6i4eavut9b8phvsialkq4.txt',66362122,1 light bulbs,1,
2013-03-21_15-39-34_89pvauhne8vu9b49ufu7tv032u_sempsq1s0nf6mdp9cehguhkcm3p.txt',66362122,2-3 resistor-puzzle,2,
2013-03-20_16-21-35_89pvauhne8vu9b49ufu7tv032u_stnrl2ptufodm4dpfph1le2qaq8.txt',66472128,1 light bulbs,1,
2013-03-20_16-53-31_89pvauhne8vu9b49ufu7tv032u_sonr4h3f40mvcs029m76dld28pa.txt',66472128,2-3 resistor-puzzle,2,
2013-07-10_10-14-17_1oe1899cen7i62tokeeuceqvda_ssttgjsa0rv5o6tkndc9t5v56nn.txt',66828119,1 light bulbs,1,
2013-07-10_11-00-58_1oe1899cen7i62tokeeuceqvda_sot4stocj2r28ldknvj926lrsvv.txt',66828119,2 resistor,2,
2013-07-10_11-30-02_1oe1899cen7i62tokeeuceqvda_spnpu3vilb5vd1st116cqce89m0.txt',66828119,3 puzzle,3,ignore - too short
2013-03-21_10-23-20_89pvauhne8vu9b49ufu7tv032u_sqsc94rob7h23ju69if531565ti.txt',67755125,1 light bulbs,1,
2013-03-21_11-07-13_89pvauhne8vu9b49ufu7tv032u_st493apn7m7cqar60emm0s8k44b.txt',67755125,2 resistor,2,
2013-07-12_09-46-25_tj5800gesloa7509m6j9btt938_s7o1oup5ga5jinnc3c6mkl60bgc.txt',67899116,1 light bulbs,1,
2013-07-12_10-28-05_tj5800gesloa7509m6j9btt938_s1f41b4kifd0n7ejabllscicelq.txt',67899116,2-3 resistor-puzzle,2,
2013-07-09_14-18-22_mqen1n0cuec20krsm433r9bd8a_svqkhbns95986nuhpc6mvlj8c0l.txt',68995094,1 light bulbs,1,
2013-07-09_15-00-56_mqen1n0cuec20krsm433r9bd8a_sfkij6u23c0719k9q1uq6bud65u.txt',68995094,2 resistor,2,
2013-07-09_15-20-43_mqen1n0cuec20krsm433r9bd8a_s6me7lfcc164enimhar61gdfa1.txt',68995094,3 puzzle,3,
2013-03-21_14-52-30_89pvauhne8vu9b49ufu7tv032u_squbc5v5e4v48hj51p0a0kpf3np.txt',69251126,1 light bulbs,1,
2013-03-21_15-39-29_89pvauhne8vu9b49ufu7tv032u_sj4mld6rdeqidm3m70tsnfp20e9.txt',69251126,2-3 resistor-puzzle,2,
2013-03-21_10-23-01_89pvauhne8vu9b49ufu7tv032u_soe7ls3lm8v1ssmj1n58qc2dkr9.txt',70209120,1 light bulbs,1,
2013-03-21_11-07-08_89pvauhne8vu9b49ufu7tv032u_sh1r4a04pqgrp56pubuobgqrkl1.txt',70209120,2 resistor,2,
2013-03-21_11-34-46_89pvauhne8vu9b49ufu7tv032u_ske562601n916fumfv8eiiokhn2.txt',70209120,3 puzzle,3,ignore - too short
2013-07-09_14-18-25_cdherh4ms6st7m0anpv52f6dr1_socu7fbkf297g1op17ie56ia9va.txt',72794100,1 light bulbs,1,
2013-07-09_15-00-15_cdherh4ms6st7m0anpv52f6dr1_svis7rjni0fgllgpfssf7gc2ose.txt',72794100,2-3 resistor-puzzle,2,
2013-03-20_16-22-34_89pvauhne8vu9b49ufu7tv032u_sgmt5pl4ehr5v581ihhd4va69a4.txt',73538121,1 light bulbs,1,
2013-03-20_16-57-58_89pvauhne8vu9b49ufu7tv032u_sj5itbcgsgm75nc0d1etu62jkn5.txt',73538121,2-3 resistor-puzzle,2,
2013-03-20_14-33-53_89pvauhne8vu9b49ufu7tv032u_sqlmr72n4o0mlngrkbl4td1e6q7.txt',77882125,1 light bulbs,1,ignore - empty file
2013-03-20_16-21-11_89pvauhne8vu9b49ufu7tv032u_s7q0pc9rhpl89r82mrr4rch7108.txt',77882125,1 light bulbs,2,
2013-03-20_16-28-23_89pvauhne8vu9b49ufu7tv032u_sdpnk44ebu2r07ume0irurfp2m1.txt',77882125,1 light bulbs,3,
2013-03-20_16-56-54_89pvauhne8vu9b49ufu7tv032u_sj8a2jnj84na0k89qv961thkufj.txt',77882125,2 resistor,4,
2013-03-20_17-31-31_89pvauhne8vu9b49ufu7tv032u_sav8tsjplnsq9j70t4ip3rc6pqo.txt',77882125,3 puzzle,5,
2013-07-09_14-18-31_oafhlm7aonr6aefotnbig9i3ib_sduunt39jogjut249jbnf4ieioo.txt',77984114,1 light bulbs,1,
2013-07-09_15-04-42_oafhlm7aonr6aefotnbig9i3ib_st3h7q6sp8e9mm78muqkm2v77f0.txt',77984114,2 resistor,2,
2013-07-09_15-20-40_oafhlm7aonr6aefotnbig9i3ib_sq56p8ap5oal004ie043hqf2mt7.txt',77984114,3 puzzle,3,
2013-07-09_14-19-35_1oe1899cen7i62tokeeuceqvda_s3uikb1a5jsks6r8chv6oktriu3.txt',80308126,1 light bulbs,1,
2013-07-09_15-01-47_1oe1899cen7i62tokeeuceqvda_sds5o251cl43pi7te2p3vbrhaje.txt',80308126,2 resistor,2,ignore - empty file
2013-07-09_15-02-37_1oe1899cen7i62tokeeuceqvda_sbkesq7o3nkqdais1vgug9e4alr.txt',80308126,2 resistor,3,
2013-07-09_15-08-02_1oe1899cen7i62tokeeuceqvda_sh40h3odhf9idvp5sndp56d6j7h.txt',80308126,2-3 resistor-puzzle,4,drop first two minutes. Off task? Too short.
2013-03-22_11-56-01_89pvauhne8vu9b49ufu7tv032u_sukkhmi654b4imi68nvh158kvrf.txt',82224125,1 light bulbs,1,
2013-03-22_12-41-28_89pvauhne8vu9b49ufu7tv032u_sf14ffnhr5nr9rviop2hro6e6ro.txt',82224125,2-3 resistor-puzzle,2,
2002-05-09_01-47-51_89pvauhne8vu9b49ufu7tv032u_sbt60r9r57hie5uouhc934eii51.txt',82243121,1 light bulbs,1,
2002-05-09_02-00-58_89pvauhne8vu9b49ufu7tv032u_s6eh2ihvkihe1vdk810l8nrnamu.txt',82243121,1 light bulbs,2,drop first two minutes
2002-05-09_02-34-41_89pvauhne8vu9b49ufu7tv032u_sve0fa67pg5v5iei7pavvdq8vb9.txt',82243121,2-3 resistor-puzzle,3,
2002-05-02_21-16-24_89pvauhne8vu9b49ufu7tv032u_sun3nla1dfidbj54ger97n4f2ap.txt',82616120,1-2-3 all,1,
2002-05-02_22-36-52_89pvauhne8vu9b49ufu7tv032u_scfu3h0b0neslr6643s6r931poi.txt',82616120,3 puzzle,2,ignore - too short
2013-03-21_10-23-47_89pvauhne8vu9b49ufu7tv032u_son9o1uvbl2l0b6nffsu338ci0i.txt',82752122,1 light bulbs,1,
2013-03-21_11-06-48_89pvauhne8vu9b49ufu7tv032u_se1oleeoopseeakpq2t85l1f74h.txt',82752122,2-3 resistor-puzzle,2,
2013-07-11_13-14-42_q9g3p5fjj17mdjlq4otd6jl62a_s5pmr92db5173i2elf64rsii8cg.txt',82885110,1 light bulbs,1,
2013-07-11_13-58-32_q9g3p5fjj17mdjlq4otd6jl62a_snn1e5u9q8h36emfsjh7b819to7.txt',82885110,2 resistor,2,ignore - too short
2013-07-11_14-00-15_q9g3p5fjj17mdjlq4otd6jl62a_s4c4o2sq6rso4pa974ouugpo1g0.txt',82885110,2 resistor,3,
2013-07-11_14-25-13_q9g3p5fjj17mdjlq4otd6jl62a_snrjriqg2rlmk50qaot2p9an37j.txt',82885110,2-3 resistor-puzzle,4,
2013-03-20_14-29-27_89pvauhne8vu9b49ufu7tv032u_stbloena3b4r8jl2323lfc7ae2f.txt',83841128,1 light bulbs,1,student fell asleep…
2013-03-20_16-58-30_89pvauhne8vu9b49ufu7tv032u_sv7nl8f50mjbhepeqv4t75j62r6.txt',83841128,2 resistor,2,student fell asleep…
2013-07-09_14-18-20_fvu9sk2k96h08428rli8b7s0hj_s6tml92hbihrh9c1r3d51ig13hp.txt',85298121,1 light bulbs,1,
2013-07-09_14-59-11_fvu9sk2k96h08428rli8b7s0hj_su3mq5akhi9b95rp6uc6ci36f1u.txt',85298121,2-3 resistor-puzzle,2,
2013-03-21_10-24-13_od61k45b3o1oflrel3dkm8ign1_sqe1nbm7vmk1s86k6h7sfjed47j.txt',85458129,1 light bulbs,1,
2013-03-21_10-31-25_od61k45b3o1oflrel3dkm8ign1_s95ohf70jmr832cnevf01353pe9.txt',85458129,1 light bulbs,2,drop first two minutes
2013-03-21_10-40-00_od61k45b3o1oflrel3dkm8ign1_sldibar35jte8hklmgtqujbjbpe.txt',85458129,1 light bulbs,3,drop first two minutes
2013-03-21_11-07-29_od61k45b3o1oflrel3dkm8ign1_setkhqtm7jcu7ae84vs1h2dfbje.txt',85458129,2-3 resistor-puzzle,4,
2013-07-12_09-44-32_mqen1n0cuec20krsm433r9bd8a_sd7kc7ki3uld1kagou3liluuvg7.txt',85576116,1 light bulbs,1,
2013-07-12_10-28-16_mqen1n0cuec20krsm433r9bd8a_smj1ijkai5t08bade3bpslb7f18.txt',85576116,2-3 resistor-puzzle,2,
2013-07-10_10-14-31_depr3grfv1b2kcu778t4udole2_sir5d85gatumbcrie9pf6f2cf4e.txt',86170104,1 light bulbs,1,
2013-07-10_11-00-57_depr3grfv1b2kcu778t4udole2_suntj86tuavc91mi9ul3l7qodmh.txt',86170104,2-3 resistor-puzzle,2,
2002-05-08_21-20-34_89pvauhne8vu9b49ufu7tv032u_sm19h81b8f06ojkd68gvm655jlk.txt',87612126,1 light bulbs,1,
2002-05-08_22-03-04_89pvauhne8vu9b49ufu7tv032u_sf2k198m1rcet6dkpgglof9vunq.txt',87612126,2-3 resistor-puzzle,2,
2013-03-21_10-23-00_89pvauhne8vu9b49ufu7tv032u_sa49re4f9f7b2j4ld9m8bfccv23.txt',88156121,1 light bulbs,1,
2013-03-21_11-08-18_89pvauhne8vu9b49ufu7tv032u_s2k7c64n0ggeip7bk6ibtmueoi8.txt',88156121,2-3 resistor-puzzle,2,
2013-07-10_10-18-55_nbgtgfcjilr2o1kvm8v6mvpu2c_s4jf6anqj287s0obkl86ubt4to1.txt',89224093,1 light bulbs,1,
2013-07-10_11-03-41_nbgtgfcjilr2o1kvm8v6mvpu2c_s7i36ag2b2qg32vsl2apoa8to75.txt',89224093,2-3 resistor-puzzle,2,
2013-03-20_14-20-35_89pvauhne8vu9b49ufu7tv032u_supksmb6b7rt0umbgq1dt27pkf7.txt',89332129,1 light bulbs,1,ignore - empty file
2013-03-20_16-23-10_89pvauhne8vu9b49ufu7tv032u_s7q74v2edss9doj9tqgfg548bja.txt',89332129,1 light bulbs,2,
2013-03-20_16-54-34_89pvauhne8vu9b49ufu7tv032u_s2fn0o7s226pqvrmcfvs0tpsibs.txt',89332129,2-3 resistor-puzzle,3,
2013-07-11_13-59-53_oafhlm7aonr6aefotnbig9i3ib_s7v18l8lgog4ec3h03ii6povfut.txt',89337123,2 resistor,2,
2013-03-21_14-53-24_89pvauhne8vu9b49ufu7tv032u_svpk5ib0bnej2e7fg1d4ltnnvsi.txt',91203122,1 light bulbs,1,
2013-03-21_15-02-40_89pvauhne8vu9b49ufu7tv032u_spgvqj9d6n6ohfsgabptojvvroa.txt',91203122,1 light bulbs,2,drop first two minutes
2013-03-21_15-39-03_89pvauhne8vu9b49ufu7tv032u_shcv9rlkl0gf2dlour3p1s03vok.txt',91203122,2-3 resistor-puzzle,3,
2013-03-20_16-25-49_shvq8al1elki01ch51vcarhfn4_splgo5gjk3jdad06i9ms6u3kmnu.txt',91235128,1 light bulbs,1,
2013-03-20_17-06-14_shvq8al1elki01ch51vcarhfn4_s5sg1kjj519bqk2s33949r3reei.txt',91235128,2-3 resistor-puzzle,2,
2013-03-21_14-52-36_89pvauhne8vu9b49ufu7tv032u_soj0i1u9km6epa2oiqiv7v834i2.txt',94186123,1 light bulbs,1,
2013-03-21_15-39-07_89pvauhne8vu9b49ufu7tv032u_scmjbd95k88h1muc2j2qnv2d3uh.txt',94186123,2-3 resistor-puzzle,2,
2013-03-21_14-52-59_od61k45b3o1oflrel3dkm8ign1_sv6gd1gah45r18nr68ers03mhnl.txt',94792123,1 light bulbs,1,
2013-03-21_15-40-52_od61k45b3o1oflrel3dkm8ign1_sjhcqkiuser9nc8m8mo9fvfjc07.txt',94792123,2-3 resistor-puzzle,2,
2013-03-18_11-22-15_89pvauhne8vu9b49ufu7tv032u_s9j2us6ir61dh0todhd8er6picd.txt',96314111,1-2-3 all,1,
2013-03-21_10-23-22_89pvauhne8vu9b49ufu7tv032u_sjtspf8t159k1l9ad3ip0oumgvr.txt',98893124,1 light bulbs,1,
2013-03-21_10-27-21_89pvauhne8vu9b49ufu7tv032u_s5d58kejf1ei16ej8fs79tra7p0.txt',98893124,1 light bulbs,2,drop first two minutes
2013-03-21_11-08-54_89pvauhne8vu9b49ufu7tv032u_s3933je6s876k8jp9k285ngq9vh.txt',98893124,2-3 resistor-puzzle,3,
2002-05-05_22-16-45_89pvauhne8vu9b49ufu7tv032u_s4dcimjh1lnor6s21qp1mm5sh5h.txt',82920121,1-2-3 all,1,
2013-03-18_11-48-05_89pvauhne8vu9b49ufu7tv032u_sa8qlo9uvunr096srgh1lo0o2fl.txt',28622129,2 resistor,2,
2013-07-11_13-16-24_oafhlm7aonr6aefotnbig9i3ib_sobbb976kdanbl4cttpa0grjp4n.txt',89337123,1 light bulbs,1,
2002-05-08_01-13-44_89pvauhne8vu9b49ufu7tv032u_sc0d01aclvcf7ladogbad611q4b.txt',test account,exclude - test account,1,ignore - test account
2013-02-27_08-44-12_89pvauhne8vu9b49ufu7tv032u_s8kgjl7p293r1r2sr7cmbm1tirf.txt',test account,exclude - test account,2,ignore - test account
2013-03-06_15-48-00_89pvauhne8vu9b49ufu7tv032u_sniqanhruuiivks7o34629kn3u7.txt',test account,exclude - test account,3,ignore - test account
2013-03-18_11-32-44_89pvauhne8vu9b49ufu7tv032u_s8lcifje9bm70bhu10ba1kt8du2.txt',test account,exclude - test account,4,ignore - test account
2013-03-20_14-29-36_89pvauhne8vu9b49ufu7tv032u_sudepg5vjq0re01f4pgj9qodkqi.txt',test account,exclude - test account,5,ignore - test account
2013-03-20_14-32-27_89pvauhne8vu9b49ufu7tv032u_scdmejgjguegl0en2d7ss4qspeb.txt',test account,exclude - test account,6,ignore - test account
2013-03-20_14-36-41_7mc5madl1er1f3htfhhn550gbk_sv1nu1ea3avh6um1fs4kecbv9oc.txt',test account,exclude - test account,7,ignore - test account
